{
    "type": "enum",
    "name": "left_arm_ik_type",
    "description": "Which IK setup should we apply to the left arm?",
    "label": "IK Type",
    "default": "LOWERUPPER",
    "items": [
    	["LOWERUPPER", "Lower + upper", "Two IK targets, one for the lower arm and one for the upper arm. Do not add IK to the shoulder", 1],
    	["LOWERUPPERSHOULDER", "Lower + upper + shoulder", "Three IK targets, one for the lower arm, one for the upper arm and one for the shoulder", 2],    	
    	["ARMCHAIN", "One chain arm", "A single IK chain including lower arm and upper arm.", 3],
    	["SHOULDERCHAIN", "One chain arm + shoulder", "A single IK chain including lower arm, upper arm and shoulder.", 4]
    ]
}
