{
    "type": "enum",
    "name": "material_creation_policy",
    "description": "If a material already exist with the name of the material we are about to create, what do we do?",
    "label": "Material creation policy",
    "default": "REUSE",
    "items": [
    	["REUSE", "Reuse the material", "Use the existing material instead of creating a new one", 1],
    	["NEWNAME", "Use other name", "Create a new material and give it an incremented name, such as material.001", 2],
    	["OVERWRITE", "Overwrite existing", "Overwrite the material definition in the existing material", 3]
    ]
}
